.id,Paper_No,Year,Source_Page,Source,Order,Family,Genus,Species,spp,Named_Location,Const_Fluct,Egg_Design,age,age_cat,Data_style,Trait_No.,Trait_Cat,Trait,Units,Sex.samp,Error_type,pairgrp,Comments,fluc,T,Mean,SD,N,Collapse,Replicate,SexRep
5000,1000,1997,769,Table 1,Squamata,Iguanidae,Cyclura,nubila,Cyclura_nubila,US_Naval_Station_Guantanamo Bay_Cuba,Const,split_pseudo,0,"(-Inf,10]",raw,2,Morphology,Mass,g,mix.sex,SE,2,-550,0.2,28,54.5,1.697,8,1,,
1000.2,1000,1997,769,Table 1,Squamata,Iguanidae,Cyclura,nubila,Cyclura_nubila,US_Naval_Station_Guantanamo Bay_Cuba,Const,split_pseudo,0,"(-Inf,10]",raw,2,Morphology,Mass,g,mix.sex,SE,3,-1100,0.2,28,46.6,11.597,8,1,,
1000.2,1000,1997,769,Table 1,Squamata,Iguanidae,Cyclura,nubila,Cyclura_nubila,US_Naval_Station_Guantanamo Bay_Cuba,Const,split_pseudo,0,"(-Inf,10]",raw,2,Morphology,Mass,g,mix.sex,SE,1,-150,0.2,29.5,47.5,6,9,1,,
1000.2,1000,1997,769,Table 1,Squamata,Iguanidae,Cyclura,nubila,Cyclura_nubila,US_Naval_Station_Guantanamo Bay_Cuba,Const,split_pseudo,0,"(-Inf,10]",raw,2,Morphology,Mass,g,mix.sex,SE,2,-550,0.2,29.5,45.6,8.854,10,1,,
1000.2,1000,1997,769,Table 1,Squamata,Iguanidae,Cyclura,nubila,Cyclura_nubila,US_Naval_Station_Guantanamo Bay_Cuba,Const,split_pseudo,0,"(-Inf,10]",raw,2,Morphology,Mass,g,mix.sex,SE,3,-1100,0.2,29.5,51.3,7.637,8,1,,
1000.2,1000,1997,769,Table 1,Squamata,Iguanidae,Cyclura,nubila,Cyclura_nubila,US_Naval_Station_Guantanamo Bay_Cuba,Const,split_pseudo,0,"(-Inf,10]",raw,2,Morphology,Mass,g,mix.sex,SE,1,-150,0.2,31,51.1,3.6,9,1,,
1000.2,1000,1997,769,Table 1,Squamata,Iguanidae,Cyclura,nubila,Cyclura_nubila,US_Naval_Station_Guantanamo Bay_Cuba,Const,split_pseudo,0,"(-Inf,10]",raw,2,Morphology,Mass,g,mix.sex,SE,2,-550,0.2,31,47.1,14.1,9,1,,
1000.2,1000,1997,769,Table 1,Squamata,Iguanidae,Cyclura,nubila,Cyclura_nubila,US_Naval_Station_Guantanamo Bay_Cuba,Const,split_pseudo,0,"(-Inf,10]",raw,2,Morphology,Mass,g,mix.sex,SE,3,-1100,0.2,31,43.4,24.9,9,1,,
1000.3,1000,1997,769,Table 1,Squamata,Iguanidae,Cyclura,nubila,Cyclura_nubila,US_Naval_Station_Guantanamo Bay_Cuba,Const,split_pseudo,0,"(-Inf,10]",raw,3,Morphology,SVL,cm,mix.sex,SE,4,-150,0.2,28,9.43,0.75,9,1,,
1000.3,1000,1997,769,Table 1,Squamata,Iguanidae,Cyclura,nubila,Cyclura_nubila,US_Naval_Station_Guantanamo Bay_Cuba,Const,split_pseudo,0,"(-Inf,10]",raw,3,Morphology,SVL,cm,mix.sex,SE,5,-550,0.2,28,9.96,0.509,8,1,,
1000.3,1000,1997,769,Table 1,Squamata,Iguanidae,Cyclura,nubila,Cyclura_nubila,US_Naval_Station_Guantanamo Bay_Cuba,Const,split_pseudo,0,"(-Inf,10]",raw,3,Morphology,SVL,cm,mix.sex,SE,6,-1100,0.2,28,9.98,0.849,8,1,,
1000.3,1000,1997,769,Table 1,Squamata,Iguanidae,Cyclura,nubila,Cyclura_nubila,US_Naval_Station_Guantanamo Bay_Cuba,Const,split_pseudo,0,"(-Inf,10]",raw,3,Morphology,SVL,cm,mix.sex,SE,4,-150,0.2,29.5,10.04,0.51,9,1,,
1000.3,1000,1997,769,Table 1,Squamata,Iguanidae,Cyclura,nubila,Cyclura_nubila,US_Naval_Station_Guantanamo Bay_Cuba,Const,split_pseudo,0,"(-Inf,10]",raw,3,Morphology,SVL,cm,mix.sex,SE,5,-550,0.2,29.5,9.82,0.569,10,1,,
1000.3,1000,1997,769,Table 1,Squamata,Iguanidae,Cyclura,nubila,Cyclura_nubila,US_Naval_Station_Guantanamo Bay_Cuba,Const,split_pseudo,0,"(-Inf,10]",raw,3,Morphology,SVL,cm,mix.sex,SE,6,-1100,0.2,29.5,10.18,0.283,8,1,,
1000.3,1000,1997,769,Table 1,Squamata,Iguanidae,Cyclura,nubila,Cyclura_nubila,US_Naval_Station_Guantanamo Bay_Cuba,Const,split_pseudo,0,"(-Inf,10]",raw,3,Morphology,SVL,cm,mix.sex,SE,4,-150,0.2,31,10.11,0.33,9,1,,
1000.3,1000,1997,769,Table 1,Squamata,Iguanidae,Cyclura,nubila,Cyclura_nubila,US_Naval_Station_Guantanamo Bay_Cuba,Const,split_pseudo,0,"(-Inf,10]",raw,3,Morphology,SVL,cm,mix.sex,SE,5,-550,0.2,31,10.02,0.84,9,1,,
1000.3,1000,1997,769,Table 1,Squamata,Iguanidae,Cyclura,nubila,Cyclura_nubila,US_Naval_Station_Guantanamo Bay_Cuba,Const,split_pseudo,0,"(-Inf,10]",raw,3,Morphology,SVL,cm,mix.sex,SE,6,-1100,0.2,31,9.6,1.29,9,1,,
1000.4,1000,1997,771,Table 2,Squamata,Iguanidae,Cyclura,nubila,Cyclura_nubila,US_Naval_Station_Guantanamo Bay_Cuba,Const,split_pseudo,122,"(10,180]",raw,4,Development,mass growth rate,g/day,mix.sex,SE,7,N calculated based on assuming only 41 animals used t0 calculate and then divides by 3 temps,0.2,28,0.208,0.174,13.67,0,,
1000.4,1000,1997,771,Table 2,Squamata,Iguanidae,Cyclura,nubila,Cyclura_nubila,US_Naval_Station_Guantanamo Bay_Cuba,Const,split_pseudo,243,"(180,365]",raw,4,Development,mass growth rate,g/day,mix.sex,SE,8,,0.2,28,0.438,0.27,13.67,0,,
1000.4,1000,1997,771,Table 2,Squamata,Iguanidae,Cyclura,nubila,Cyclura_nubila,US_Naval_Station_Guantanamo Bay_Cuba,Const,split_pseudo,365,"(180,365]",raw,4,Development,mass growth rate,g/day,mix.sex,SE,9,,0.2,28,0.638,0.336,13.67,0,,
1000.4,1000,1997,771,Table 2,Squamata,Iguanidae,Cyclura,nubila,Cyclura_nubila,US_Naval_Station_Guantanamo Bay_Cuba,Const,split_pseudo,496,"(365, Inf]",raw,4,Development,mass growth rate,g/day,mix.sex,SE,10,,0.2,28,0.657,0.303,13.67,0,,
1000.4,1000,1997,771,Table 2,Squamata,Iguanidae,Cyclura,nubila,Cyclura_nubila,US_Naval_Station_Guantanamo Bay_Cuba,Const,split_pseudo,243,"(180,365]",raw,4,Development,mass growth rate,g/day,mix.sex,SE,8,,0.2,29.5,0.602,0.263,13.67,0,,
1000.4,1000,1997,771,Table 2,Squamata,Iguanidae,Cyclura,nubila,Cyclura_nubila,US_Naval_Station_Guantanamo Bay_Cuba,Const,split_pseudo,365,"(180,365]",raw,4,Development,mass growth rate,g/day,mix.sex,SE,9,,0.2,29.5,0.883,0.392,13.67,0,,
1000.4,1000,1997,771,Table 2,Squamata,Iguanidae,Cyclura,nubila,Cyclura_nubila,US_Naval_Station_Guantanamo Bay_Cuba,Const,split_pseudo,496,"(365, Inf]",raw,4,Development,mass growth rate,g/day,mix.sex,SE,10,,0.2,29.5,0.897,0.418,13.67,0,,
1000.4,1000,1997,771,Table 2,Squamata,Iguanidae,Cyclura,nubila,Cyclura_nubila,US_Naval_Station_Guantanamo Bay_Cuba,Const,split_pseudo,122,"(10,180]",raw,4,Development,mass growth rate,g/day,mix.sex,SE,7,N calculated based on assuming only 41 animals used t0 calculate and then divides by 3 temps,0.2,29.5,0.349,0.159,13.67,0,,
1000.4,1000,1997,771,Table 2,Squamata,Iguanidae,Cyclura,nubila,Cyclura_nubila,US_Naval_Station_Guantanamo Bay_Cuba,Const,split_pseudo,122,"(10,180]",raw,4,Development,mass growth rate,g/day,mix.sex,SE,7,,0.2,31,0.363,0.129,13.67,0,,
1000.4,1000,1997,771,Table 2,Squamata,Iguanidae,Cyclura,nubila,Cyclura_nubila,US_Naval_Station_Guantanamo Bay_Cuba,Const,split_pseudo,243,"(180,365]",raw,4,Development,mass growth rate,g/day,mix.sex,SE,8,,0.2,31,0.702,0.163,13.67,0,,
1000.4,1000,1997,771,Table 2,Squamata,Iguanidae,Cyclura,nubila,Cyclura_nubila,US_Naval_Station_Guantanamo Bay_Cuba,Const,split_pseudo,365,"(180,365]",raw,4,Development,mass growth rate,g/day,mix.sex,SE,9,,0.2,31,0.93,0.233,13.67,0,,
1000.4,1000,1997,771,Table 2,Squamata,Iguanidae,Cyclura,nubila,Cyclura_nubila,US_Naval_Station_Guantanamo Bay_Cuba,Const,split_pseudo,496,"(365, Inf]",raw,4,Development,mass growth rate,g/day,mix.sex,SE,10,,0.2,31,0.932,0.259,13.67,0,,
1000.5,1000,1997,771,Table 2,Squamata,Iguanidae,Cyclura,nubila,Cyclura_nubila,US_Naval_Station_Guantanamo Bay_Cuba,Const,split_pseudo,122,"(10,180]",raw,5,Development,SVL growth rate,cm/day,mix.sex,SE,11,,0.2,28,0.014,0.004,13.67,0,,
1000.5,1000,1997,771,Table 2,Squamata,Iguanidae,Cyclura,nubila,Cyclura_nubila,US_Naval_Station_Guantanamo Bay_Cuba,Const,split_pseudo,243,"(180,365]",raw,5,Development,SVL growth rate,cm/day,mix.sex,SE,12,,0.2,28,0.021,0.007,13.67,0,,
1000.5,1000,1997,771,Table 2,Squamata,Iguanidae,Cyclura,nubila,Cyclura_nubila,US_Naval_Station_Guantanamo Bay_Cuba,Const,split_pseudo,365,"(180,365]",raw,5,Development,SVL growth rate,cm/day,mix.sex,SE,13,,0.2,28,0.023,0.007,13.67,0,,
1000.5,1000,1997,771,Table 2,Squamata,Iguanidae,Cyclura,nubila,Cyclura_nubila,US_Naval_Station_Guantanamo Bay_Cuba,Const,split_pseudo,496,"(365, Inf]",raw,5,Development,SVL growth rate,cm/day,mix.sex,SE,14,,0.2,28,0.021,0.007,13.67,0,,
1000.5,1000,1997,771,Table 2,Squamata,Iguanidae,Cyclura,nubila,Cyclura_nubila,US_Naval_Station_Guantanamo Bay_Cuba,Const,split_pseudo,122,"(10,180]",raw,5,Development,SVL growth rate,cm/day,mix.sex,SE,11,,0.2,29.5,0.022,0.007,13.67,0,,
1000.5,1000,1997,771,Table 2,Squamata,Iguanidae,Cyclura,nubila,Cyclura_nubila,US_Naval_Station_Guantanamo Bay_Cuba,Const,split_pseudo,243,"(180,365]",raw,5,Development,SVL growth rate,cm/day,mix.sex,SE,12,,0.2,29.5,0.026,0.007,13.67,0,,
1000.5,1000,1997,771,Table 2,Squamata,Iguanidae,Cyclura,nubila,Cyclura_nubila,US_Naval_Station_Guantanamo Bay_Cuba,Const,split_pseudo,365,"(180,365]",raw,5,Development,SVL growth rate,cm/day,mix.sex,SE,13,,0.2,29.5,0.027,0.007,13.67,0,,
1000.5,1000,1997,771,Table 2,Squamata,Iguanidae,Cyclura,nubila,Cyclura_nubila,US_Naval_Station_Guantanamo Bay_Cuba,Const,split_pseudo,496,"(365, Inf]",raw,5,Development,SVL growth rate,cm/day,mix.sex,SE,14,,0.2,29.5,0.024,0.007,13.67,0,,
1000.5,1000,1997,771,Table 2,Squamata,Iguanidae,Cyclura,nubila,Cyclura_nubila,US_Naval_Station_Guantanamo Bay_Cuba,Const,split_pseudo,122,"(10,180]",raw,5,Development,SVL growth rate,cm/day,mix.sex,SE,11,,0.2,31,0.021,0.007,13.67,0,,
1000.5,1000,1997,771,Table 2,Squamata,Iguanidae,Cyclura,nubila,Cyclura_nubila,US_Naval_Station_Guantanamo Bay_Cuba,Const,split_pseudo,243,"(180,365]",raw,5,Development,SVL growth rate,cm/day,mix.sex,SE,12,,0.2,31,0.027,0.004,13.67,0,,
1000.5,1000,1997,771,Table 2,Squamata,Iguanidae,Cyclura,nubila,Cyclura_nubila,US_Naval_Station_Guantanamo Bay_Cuba,Const,split_pseudo,365,"(180,365]",raw,5,Development,SVL growth rate,cm/day,mix.sex,SE,13,,0.2,31,0.028,0.004,13.67,0,,
1000.5,1000,1997,771,Table 2,Squamata,Iguanidae,Cyclura,nubila,Cyclura_nubila,US_Naval_Station_Guantanamo Bay_Cuba,Const,split_pseudo,496,"(365, Inf]",raw,5,Development,SVL growth rate,cm/day,mix.sex,SE,14,,0.2,31,0.024,0.004,13.67,0,,
1000.6,1000,1997,771,Table 2,Squamata,Iguanidae,Cyclura,nubila,Cyclura_nubila,US_Naval_Station_Guantanamo Bay_Cuba,Const,split_pseudo,122,"(10,180]",raw,6,Development,Head width growth rate,mm/day,mix.sex,SE,15,,0.2,28,0.013,0.007,13.67,0,,
1000.6,1000,1997,771,Table 2,Squamata,Iguanidae,Cyclura,nubila,Cyclura_nubila,US_Naval_Station_Guantanamo Bay_Cuba,Const,split_pseudo,243,"(180,365]",raw,6,Development,Head width growth rate,mm/day,mix.sex,SE,16,,0.2,28,0.017,0.007,13.67,0,,
1000.6,1000,1997,771,Table 2,Squamata,Iguanidae,Cyclura,nubila,Cyclura_nubila,US_Naval_Station_Guantanamo Bay_Cuba,Const,split_pseudo,365,"(180,365]",raw,6,Development,Head width growth rate,mm/day,mix.sex,SE,17,,0.2,28,0.02,0.007,13.67,0,,
1000.6,1000,1997,771,Table 2,Squamata,Iguanidae,Cyclura,nubila,Cyclura_nubila,US_Naval_Station_Guantanamo Bay_Cuba,Const,split_pseudo,496,"(365, Inf]",raw,6,Development,Head width growth rate,mm/day,mix.sex,SE,18,,0.2,28,0.015,0.004,13.67,0,,
1000.6,1000,1997,771,Table 2,Squamata,Iguanidae,Cyclura,nubila,Cyclura_nubila,US_Naval_Station_Guantanamo Bay_Cuba,Const,split_pseudo,122,"(10,180]",raw,6,Development,Head width growth rate,mm/day,mix.sex,SE,15,,0.2,29.5,0.022,0.007,13.67,0,,
1000.6,1000,1997,771,Table 2,Squamata,Iguanidae,Cyclura,nubila,Cyclura_nubila,US_Naval_Station_Guantanamo Bay_Cuba,Const,split_pseudo,243,"(180,365]",raw,6,Development,Head width growth rate,mm/day,mix.sex,SE,16,,0.2,29.5,0.021,0.007,13.67,0,,
1000.6,1000,1997,771,Table 2,Squamata,Iguanidae,Cyclura,nubila,Cyclura_nubila,US_Naval_Station_Guantanamo Bay_Cuba,Const,split_pseudo,365,"(180,365]",raw,6,Development,Head width growth rate,mm/day,mix.sex,SE,17,,0.2,29.5,0.022,0.004,13.67,0,,
1000.6,1000,1997,771,Table 2,Squamata,Iguanidae,Cyclura,nubila,Cyclura_nubila,US_Naval_Station_Guantanamo Bay_Cuba,Const,split_pseudo,496,"(365, Inf]",raw,6,Development,Head width growth rate,mm/day,mix.sex,SE,18,,0.2,29.5,0.018,0.004,13.67,0,,
1000.6,1000,1997,771,Table 2,Squamata,Iguanidae,Cyclura,nubila,Cyclura_nubila,US_Naval_Station_Guantanamo Bay_Cuba,Const,split_pseudo,122,"(10,180]",raw,6,Development,Head width growth rate,mm/day,mix.sex,SE,15,,0.2,31,0.021,0.007,13.67,0,,
1000.6,1000,1997,771,Table 2,Squamata,Iguanidae,Cyclura,nubila,Cyclura_nubila,US_Naval_Station_Guantanamo Bay_Cuba,Const,split_pseudo,243,"(180,365]",raw,6,Development,Head width growth rate,mm/day,mix.sex,SE,16,,0.2,31,0.023,0.004,13.67,0,,
1000.6,1000,1997,771,Table 2,Squamata,Iguanidae,Cyclura,nubila,Cyclura_nubila,US_Naval_Station_Guantanamo Bay_Cuba,Const,split_pseudo,365,"(180,365]",raw,6,Development,Head width growth rate,mm/day,mix.sex,SE,17,,0.2,31,0.015,0.004,13.67,0,,
1000.6,1000,1997,771,Table 2,Squamata,Iguanidae,Cyclura,nubila,Cyclura_nubila,US_Naval_Station_Guantanamo Bay_Cuba,Const,split_pseudo,496,"(365, Inf]",raw,6,Development,Head width growth rate,mm/day,mix.sex,SE,18,,0.2,31,0.019,0.004,13.67,0,,
1000.7,1000,1997,771,Table 2,Squamata,Iguanidae,Cyclura,nubila,Cyclura_nubila,US_Naval_Station_Guantanamo Bay_Cuba,Const,split_pseudo,122,"(10,180]",raw,7,Development,Head length growth rate,mm/day,mix.sex,SE,19,,0.2,28,0.015,0.015,13.67,0,,
1000.7,1000,1997,771,Table 2,Squamata,Iguanidae,Cyclura,nubila,Cyclura_nubila,US_Naval_Station_Guantanamo Bay_Cuba,Const,split_pseudo,243,"(180,365]",raw,7,Development,Head length growth rate,mm/day,mix.sex,SE,20,,0.2,28,0.033,0.015,13.67,0,,
1000.7,1000,1997,771,Table 2,Squamata,Iguanidae,Cyclura,nubila,Cyclura_nubila,US_Naval_Station_Guantanamo Bay_Cuba,Const,split_pseudo,365,"(180,365]",raw,7,Development,Head length growth rate,mm/day,mix.sex,SE,21,,0.2,28,0.036,0.011,13.67,0,,
1000.7,1000,1997,771,Table 2,Squamata,Iguanidae,Cyclura,nubila,Cyclura_nubila,US_Naval_Station_Guantanamo Bay_Cuba,Const,split_pseudo,496,"(365, Inf]",raw,7,Development,Head length growth rate,mm/day,mix.sex,SE,22,,0.2,28,0.032,0.011,13.67,0,,
1000.7,1000,1997,771,Table 2,Squamata,Iguanidae,Cyclura,nubila,Cyclura_nubila,US_Naval_Station_Guantanamo Bay_Cuba,Const,split_pseudo,122,"(10,180]",raw,7,Development,Head length growth rate,mm/day,mix.sex,SE,19,,0.2,29.5,0.033,0.015,13.67,0,,
1000.7,1000,1997,771,Table 2,Squamata,Iguanidae,Cyclura,nubila,Cyclura_nubila,US_Naval_Station_Guantanamo Bay_Cuba,Const,split_pseudo,243,"(180,365]",raw,7,Development,Head length growth rate,mm/day,mix.sex,SE,20,,0.2,29.5,0.043,0.011,13.67,0,,
1000.7,1000,1997,771,Table 2,Squamata,Iguanidae,Cyclura,nubila,Cyclura_nubila,US_Naval_Station_Guantanamo Bay_Cuba,Const,split_pseudo,365,"(180,365]",raw,7,Development,Head length growth rate,mm/day,mix.sex,SE,21,,0.2,29.5,0.042,0.011,13.67,0,,
1000.7,1000,1997,771,Table 2,Squamata,Iguanidae,Cyclura,nubila,Cyclura_nubila,US_Naval_Station_Guantanamo Bay_Cuba,Const,split_pseudo,496,"(365, Inf]",raw,7,Development,Head length growth rate,mm/day,mix.sex,SE,22,,0.2,29.5,0.037,0.011,13.67,0,,
1000.7,1000,1997,771,Table 2,Squamata,Iguanidae,Cyclura,nubila,Cyclura_nubila,US_Naval_Station_Guantanamo Bay_Cuba,Const,split_pseudo,122,"(10,180]",raw,7,Development,Head length growth rate,mm/day,mix.sex,SE,19,,0.2,31,0.035,0.026,13.67,0,,
1000.7,1000,1997,771,Table 2,Squamata,Iguanidae,Cyclura,nubila,Cyclura_nubila,US_Naval_Station_Guantanamo Bay_Cuba,Const,split_pseudo,243,"(180,365]",raw,7,Development,Head length growth rate,mm/day,mix.sex,SE,20,,0.2,31,0.046,0.007,13.67,0,,
1000.7,1000,1997,771,Table 2,Squamata,Iguanidae,Cyclura,nubila,Cyclura_nubila,US_Naval_Station_Guantanamo Bay_Cuba,Const,split_pseudo,365,"(180,365]",raw,7,Development,Head length growth rate,mm/day,mix.sex,SE,21,,0.2,31,0.044,0.007,13.67,0,,
1000.7,1000,1997,771,Table 2,Squamata,Iguanidae,Cyclura,nubila,Cyclura_nubila,US_Naval_Station_Guantanamo Bay_Cuba,Const,split_pseudo,496,"(365, Inf]",raw,7,Development,Head length growth rate,mm/day,mix.sex,SE,22,,0.2,31,0.038,0.007,13.67,0,,
1004.1,1004,2010,601,Text,Squamata,Gekkonidae,Heteronotia,binoei,Heteronotia_binoei,"LaTrobe University, Melbourne, Australia",Const,split_pseudo,0,"(-Inf,10]",raw,1,Survival,Hatching success,Prop,mix.sex,P,,,0,32,0.76,,25,0,,
1005.1,1005,2005,517,Table 2,Squamata,Chamaeleonidae,Chamaeleo,calyptratus,Chamaeleo_calyptratus,"Virginia tech lab, Blacksburg, Virginia, USA",Const,split_pseudo,0,"(-Inf,10]",raw,1,Survival,Survival,Prop,mix.sex,P,,,0,25,0.984,,62,0,,
1005.1,1005,2005,517,Table 2,Squamata,Chamaeleonidae,Chamaeleo,calyptratus,Chamaeleo_calyptratus,"Virginia tech lab, Blacksburg, Virginia, USA",Const,split_pseudo,0,"(-Inf,10]",raw,1,Survival,Survival,Prop,mix.sex,P,,,0,28,0.917,,24,0,,
1005.1,1005,2005,517,Table 2,Squamata,Chamaeleonidae,Chamaeleo,calyptratus,Chamaeleo_calyptratus,"Virginia tech lab, Blacksburg, Virginia, USA",Const,split_pseudo,0,"(-Inf,10]",raw,1,Survival,Survival,Prop,mix.sex,P,,,0,30,0.864,,66,0,,
1008.1,1008,2000,425,Table 3,Squamata,Phrynosomatidae,Sceloporus,undulatus,Sceloporus_undulatus,"Blacksburg, Virginia, USA",Const,split_pseudo,21,"(10,180]",raw,1,Survival,Survival to 21 days,Prop,mix.sex,P,,,0,23,0.714,,14,0,,
1008.1,1008,2000,425,Table 3,Squamata,Phrynosomatidae,Sceloporus,undulatus,Sceloporus_undulatus,"Blacksburg, Virginia, USA",Const,split_pseudo,42,"(10,180]",raw,1,Survival,Survival to 42 days,Prop,mix.sex,P,,,0,23,0.643,,14,0,,
1008.1,1008,2000,425,Table 3,Squamata,Phrynosomatidae,Sceloporus,undulatus,Sceloporus_undulatus,"Blacksburg, Virginia, USA",Const,split_pseudo,21,"(10,180]",raw,1,Survival,Survival to 21 days,Prop,mix.sex,P,,,0,25,0.353,,17,0,,
1008.1,1008,2000,425,Table 3,Squamata,Phrynosomatidae,Sceloporus,undulatus,Sceloporus_undulatus,"Blacksburg, Virginia, USA",Const,split_pseudo,42,"(10,180]",raw,1,Survival,Survival to 42 days,Prop,mix.sex,P,,,0,25,0.294,,17,0,,
1008.1,1008,2000,425,Table 3,Squamata,Phrynosomatidae,Sceloporus,undulatus,Sceloporus_undulatus,"Blacksburg, Virginia, USA",Const,split_pseudo,21,"(10,180]",raw,1,Survival,Survival to 21 days,Prop,mix.sex,P,,,0,28,0.286,,14,0,,
1008.1,1008,2000,425,Table 3,Squamata,Phrynosomatidae,Sceloporus,undulatus,Sceloporus_undulatus,"Blacksburg, Virginia, USA",Const,split_pseudo,42,"(10,180]",raw,1,Survival,Survival to 42 days,Prop,mix.sex,P,,,0,28,0.143,,14,0,,
1008.1,1008,2000,425,Table 3,Squamata,Phrynosomatidae,Sceloporus,undulatus,Sceloporus_undulatus,"Blacksburg, Virginia, USA",Const,split_pseudo,21,"(10,180]",raw,1,Survival,Survival to 21 days,Prop,mix.sex,P,,,0,30,0.545,,22,0,,
1008.1,1008,2000,425,Table 3,Squamata,Phrynosomatidae,Sceloporus,undulatus,Sceloporus_undulatus,"Blacksburg, Virginia, USA",Const,split_pseudo,42,"(10,180]",raw,1,Survival,Survival to 42 days,Prop,mix.sex,P,,,0,30,0.273,,22,0,,
1008.1,1008,2000,425,Table 3,Squamata,Phrynosomatidae,Sceloporus,undulatus,Sceloporus_undulatus,"Blacksburg, Virginia, USA",Const,split_pseudo,21,"(10,180]",raw,1,Survival,Survival to 21 days,Prop,mix.sex,P,,,0,33,0.545,,22,0,,
1008.1,1008,2000,425,Table 3,Squamata,Phrynosomatidae,Sceloporus,undulatus,Sceloporus_undulatus,"Blacksburg, Virginia, USA",Const,split_pseudo,42,"(10,180]",raw,1,Survival,Survival to 42 days,Prop,mix.sex,P,,,0,33,0.227,,22,0,,
1015.1,1015,2000,2962,Fig. 3,Squamata,Phrynosomatidae,Sceloporus,undulatus,Sceloporus_undulatus,"Burlington county, New Jersey, USA",Const,split_pseudo,0,"(-Inf,10]",raw,1,Morphology,SVL,mm,mix.sex,CI,1,CI,0,28,28.26,1.803,10,0,,
1015.1,1015,2000,2962,Fig. 3,Squamata,Phrynosomatidae,Sceloporus,undulatus,Sceloporus_undulatus,"Burlington county, New Jersey, USA",Const,split_pseudo,0,"(-Inf,10]",raw,1,Morphology,SVL,mm,mix.sex,CI,1,CI,0,30,28.37,0.965,18,0,,
1015.1,1015,2000,2962,Fig. 3,Squamata,Phrynosomatidae,Sceloporus,undulatus,Sceloporus_undulatus,"Burlington county, New Jersey, USA",Const,split_pseudo,0,"(-Inf,10]",raw,1,Morphology,SVL,mm,mix.sex,CI,1,,0,32,28.19,1.047,15,0,,
1015.1,1015,2000,2962,Fig. 3,Squamata,Phrynosomatidae,Sceloporus,undulatus,Sceloporus_undulatus,"Burlington county, New Jersey, USA",Const,split_pseudo,0,"(-Inf,10]",raw,1,Morphology,SVL,mm,mix.sex,CI,1,,0,34,27.8,0.991,6,0,,
1015.2,1015,2000,2962,Fig. 3,Squamata,Phrynosomatidae,Sceloporus,undulatus,Sceloporus_undulatus,"Burlington county, New Jersey, USA",Const,split_pseudo,0,"(-Inf,10]",raw,2,Morphology,TL,mm,mix.sex,CI,2,,0,28,26.5,2.097,10,0,,
1015.2,1015,2000,2962,Fig. 3,Squamata,Phrynosomatidae,Sceloporus,undulatus,Sceloporus_undulatus,"Burlington county, New Jersey, USA",Const,split_pseudo,0,"(-Inf,10]",raw,2,Morphology,TL,mm,mix.sex,CI,2,,0,30,27.26,2.172,18,0,,
1015.2,1015,2000,2962,Fig. 3,Squamata,Phrynosomatidae,Sceloporus,undulatus,Sceloporus_undulatus,"Burlington county, New Jersey, USA",Const,split_pseudo,0,"(-Inf,10]",raw,2,Morphology,TL,mm,mix.sex,CI,2,,0,32,29.04,2.492,15,0,,
1015.2,1015,2000,2962,Fig. 3,Squamata,Phrynosomatidae,Sceloporus,undulatus,Sceloporus_undulatus,"Burlington county, New Jersey, USA",Const,split_pseudo,0,"(-Inf,10]",raw,2,Morphology,TL,mm,mix.sex,CI,2,,0,34,29.67,1.182,6,0,,
1015.3,1015,2000,2962,Fig. 3,Squamata,Phrynosomatidae,Sceloporus,undulatus,Sceloporus_undulatus,"Burlington county, New Jersey, USA",Const,split_pseudo,0,"(-Inf,10]",raw,3,Morphology,Mass,g,mix.sex,CI,3,,0,28,0.499,0.07,10,0,,
1015.3,1015,2000,2962,Fig. 3,Squamata,Phrynosomatidae,Sceloporus,undulatus,Sceloporus_undulatus,"Burlington county, New Jersey, USA",Const,split_pseudo,0,"(-Inf,10]",raw,3,Morphology,Mass,g,mix.sex,CI,3,,0,30,0.53,0.04,18,0,,
1015.3,1015,2000,2962,Fig. 3,Squamata,Phrynosomatidae,Sceloporus,undulatus,Sceloporus_undulatus,"Burlington county, New Jersey, USA",Const,split_pseudo,0,"(-Inf,10]",raw,3,Morphology,Mass,g,mix.sex,CI,3,,0,32,0.52,0.036,15,0,,
1015.3,1015,2000,2962,Fig. 3,Squamata,Phrynosomatidae,Sceloporus,undulatus,Sceloporus_undulatus,"Burlington county, New Jersey, USA",Const,split_pseudo,0,"(-Inf,10]",raw,3,Morphology,Mass,g,mix.sex,CI,3,,0,34,0.54,0.016,6,0,,
1020.1,1020,2003,694,Table 1,Testudines,Trionychidae,Apalone,mutica,Apalone_mutica,"Cedar River, Iowa, USA",Const,split_pseudo,0,"(-Inf,10]",raw,1,Survival,Hatching success,Prop hatched,mix.sex,P,,n is kept the same fro days to pip and table clearly shows incorrect n for hatching success to calculated.,0,30.5,1,,44,0,,
1020.4,1020,2003,694,Table 1,Testudines,Trionychidae,Apalone,mutica,Apalone_mutica,"Cedar River, Iowa, USA",Const,split_pseudo,2,"(-Inf,10]",adj,4,Morphology,Mass,g,mix.sex,SE,1,,0,30.5,4.3,0.199,44,0,,
1020.5,1020,2003,694,Table 1,Testudines,Trionychidae,Apalone,mutica,Apalone_mutica,"Cedar River, Iowa, USA",Const,split_pseudo,2,"(-Inf,10]",adj,5,Morphology,Carapace length,mm,mix.sex,SE,,,0,30.5,35.7,1.327,44,0,,
1020.6,1020,2003,694,Table 1,Testudines,Trionychidae,Apalone,mutica,Apalone_mutica,"Cedar River, Iowa, USA",Const,split_pseudo,2,"(-Inf,10]",adj,6,Morphology,Carapace width,mm,mix.sex,SE,,,0,30.5,31.4,0.663,44,0,,
1020.7,1020,2003,694,Table 1,Testudines,Trionychidae,Apalone,mutica,Apalone_mutica,"Cedar River, Iowa, USA",Const,split_pseudo,2,"(-Inf,10]",adj,7,Morphology,Plastron length,mm,mix.sex,SE,,,0,30.5,25.6,0.663,44,0,,
1020.8,1020,2003,694,Table 1,Testudines,Trionychidae,Apalone,mutica,Apalone_mutica,"Cedar River, Iowa, USA",Const,split_pseudo,2,"(-Inf,10]",adj,8,Performance,Swimming speed,cm*s-1,mix.sex,SE,,,0,30.5,7.8,4.643,44,0,,
1020.9,1020,2003,694,Table 1,Testudines,Trionychidae,Apalone,mutica,Apalone_mutica,"Cedar River, Iowa, USA",Const,split_pseudo,2,"(-Inf,10]",adj,9,Performance,Righting time,s,mix.sex,SE,,,0,30.5,0.9,1.873,39,0,,
1023.1,1023,2013,87,Table 1,Squamata,Colubridae,Tropidonophis,mairii,Tropidonophis_mairii,"Townsville common conservation park, Townsville, Australia",Const,split_pseudo,0,"(-Inf,10]",raw,1,Development,Time to first shed,days,mix.sex,SD,,,1,30.1,11.4,0.9,27,0,,
1023.01,1023,2013,87,Table 1,Squamata,Colubridae,Tropidonophis,mairii,Tropidonophis_mairii,"Townsville common conservation park, Townsville, Australia",Const,split_pseudo,0,"(-Inf,10]",raw,10,Development,Spinal deformities,Prop normal,mix.sex,P,,,1,30.1,0.286,,27,0,,
1023.11,1023,2013,87,Table 1,Squamata,Colubridae,Tropidonophis,mairii,Tropidonophis_mairii,"Townsville common conservation park, Townsville, Australia",Const,split_pseudo,0,"(-Inf,10]",raw,11,Performance,Burst speed,cm/s,mix.sex,SD,,,1,30.1,8,6.1,27,0,,
1023.12,1023,2013,87,Table 1,Squamata,Colubridae,Tropidonophis,mairii,Tropidonophis_mairii,"Townsville common conservation park, Townsville, Australia",Const,split_pseudo,0,"(-Inf,10]",raw,12,Performance,No. of laps,Laps/5 min,mix.sex,SD,,,1,30.1,2.3,0.3,27,0,,
1023.3,1023,2013,87,Table 1,Squamata,Colubridae,Tropidonophis,mairii,Tropidonophis_mairii,"Townsville common conservation park, Townsville, Australia",Const,split_pseudo,0,"(-Inf,10]",raw,3,Survival,Hatching success,Prop,mix.sex,P,,,1,30.1,0.214,,126,0,,
1023.4,1023,2013,87,Table 1,Squamata,Colubridae,Tropidonophis,mairii,Tropidonophis_mairii,"Townsville common conservation park, Townsville, Australia",Const,split_pseudo,0,"(-Inf,10]",raw,4,Morphology,Mass,g,mix.sex,SD,,,1,30.1,2.5,0.3,27,0,,
1023.5,1023,2013,87,Table 1,Squamata,Colubridae,Tropidonophis,mairii,Tropidonophis_mairii,"Townsville common conservation park, Townsville, Australia",Const,split_pseudo,0,"(-Inf,10]",raw,5,Morphology,SVL,cm,mix.sex,SD,,,1,30.1,14.7,0.9,27,0,,
1023.6,1023,2013,87,Table 1,Squamata,Colubridae,Tropidonophis,mairii,Tropidonophis_mairii,"Townsville common conservation park, Townsville, Australia",Const,split_pseudo,0,"(-Inf,10]",raw,6,Morphology,TL,cm,mix.sex,SD,,,1,30.1,4,0.4,27,0,,
1023.7,1023,2013,87,Table 1,Squamata,Colubridae,Tropidonophis,mairii,Tropidonophis_mairii,"Townsville common conservation park, Townsville, Australia",Const,split_pseudo,0,"(-Inf,10]",raw,7,Morphology,Head width,mm,mix.sex,SD,,,1,30.1,4.5,0.2,27,0,,
1023.8,1023,2013,87,Table 1,Squamata,Colubridae,Tropidonophis,mairii,Tropidonophis_mairii,"Townsville common conservation park, Townsville, Australia",Const,split_pseudo,0,"(-Inf,10]",raw,8,Morphology,Head length,mm,mix.sex,SD,,,1,30.1,9.4,0.4,27,0,,
1023.9,1023,2013,87,Table 1,Squamata,Colubridae,Tropidonophis,mairii,Tropidonophis_mairii,"Townsville common conservation park, Townsville, Australia",Const,split_pseudo,0,"(-Inf,10]",raw,9,Development,Ventral scale asymmetries,Prop normal,mix.sex,P,,,1,30.1,0.143,,27,0,,
1024.1,1024,2012,95,Table 2,Rhynchocephalia,Sphenodontidae,Sphenodon,punctatus,Sphenodon_punctatus,"Stephen's Island, NZ",Const,other,0,"(-Inf,10]",raw,1,Survival,Hatching Success,Prop,diff.sex,P,1,,0,18,1,,4,0,,
1024.1,1024,2012,95,Table 2,Rhynchocephalia,Sphenodontidae,Sphenodon,punctatus,Sphenodon_punctatus,"Stephen's Island, NZ",Const,other,0,"(-Inf,10]",raw,1,Survival,Hatching Success,Prop,diff.sex,P,1,,0,24,0.75,,4,0,,
1024.3,1024,2012,95,Table 2,Rhynchocephalia,Sphenodontidae,Sphenodon,punctatus,Sphenodon_punctatus,"Stephen's Island, NZ",Const,other,0,"(-Inf,10]",raw,3,Morphology,SVL,mm,diff.sex,SE,2,,0,18,50.36,2.48,4,0,,
1024.3,1024,2012,95,Table 2,Rhynchocephalia,Sphenodontidae,Sphenodon,punctatus,Sphenodon_punctatus,"Stephen's Island, NZ",Const,other,0,"(-Inf,10]",raw,3,Morphology,SVL,mm,diff.sex,SE,2,,0,24,51.35,2.286,3,0,,
1024.4,1024,2012,95,Table 2,Rhynchocephalia,Sphenodontidae,Sphenodon,punctatus,Sphenodon_punctatus,"Stephen's Island, NZ",Const,other,0,"(-Inf,10]",raw,4,Morphology,TL,mm,diff.sex,SE,3,,0,18,51.83,2.5,4,0,,
1024.4,1024,2012,95,Table 2,Rhynchocephalia,Sphenodontidae,Sphenodon,punctatus,Sphenodon_punctatus,"Stephen's Island, NZ",Const,other,0,"(-Inf,10]",raw,4,Morphology,TL,mm,diff.sex,SE,3,,0,24,54.96,2.702,3,0,,
1024.5,1024,2012,95,Table 2,Rhynchocephalia,Sphenodontidae,Sphenodon,punctatus,Sphenodon_punctatus,"Stephen's Island, NZ",Const,other,0,"(-Inf,10]",raw,5,Morphology,Mass,mm,diff.sex,SE,4,,0,18,4.7,0.66,4,0,,
1024.5,1024,2012,95,Table 2,Rhynchocephalia,Sphenodontidae,Sphenodon,punctatus,Sphenodon_punctatus,"Stephen's Island, NZ",Const,other,0,"(-Inf,10]",raw,5,Morphology,Mass,mm,diff.sex,SE,4,,0,24,4.68,0.624,3,0,,
1024.6,1024,2012,95,Table 2,Rhynchocephalia,Sphenodontidae,Sphenodon,punctatus,Sphenodon_punctatus,"Stephen's Island, NZ",Const,other,0,"(-Inf,10]",raw,6,Morphology,Head width,mm,diff.sex,SE,5,,0,18,11.63,0.44,4,0,,
1024.6,1024,2012,95,Table 2,Rhynchocephalia,Sphenodontidae,Sphenodon,punctatus,Sphenodon_punctatus,"Stephen's Island, NZ",Const,other,0,"(-Inf,10]",raw,6,Morphology,Head width,mm,diff.sex,SE,5,,0,24,11.4,0.329,3,0,,
1030.2,1030,1996,Raw data,Raw data,Testudines,Chelydridae,Chelydra,serpentina,Chelydra_serpentina,"ValentineNationalWildlifeRefuge,CherryCounty,NebraskaUSA",Const,split_pseudo,0,"(-Inf,10]",raw,2,Morphology,Mass,g,mix.sex,SD,1,,0,24,9.91,0.866,7,0,,
1030.2,1030,1996,Raw data,Raw data,Testudines,Chelydridae,Chelydra,serpentina,Chelydra_serpentina,"ValentineNationalWildlifeRefuge,CherryCounty,NebraskaUSA",Const,split_pseudo,0,"(-Inf,10]",raw,2,Morphology,Mass,g,mix.sex,SD,1,,0,29,9.14,0.69,8,0,,
1030.3,1030,1996,Raw data,Raw data,Testudines,Chelydridae,Chelydra,serpentina,Chelydra_serpentina,"ValentineNationalWildlifeRefuge,CherryCounty,NebraskaUSA",Const,split_pseudo,0,"(-Inf,10]",raw,3,Physiology,Heart rate,min^-1,mix.sex,SD,2,,0,24,22.32,4.53,6,0,,
1030.3,1030,1996,Raw data,Raw data,Testudines,Chelydridae,Chelydra,serpentina,Chelydra_serpentina,"ValentineNationalWildlifeRefuge,CherryCounty,NebraskaUSA",Const,split_pseudo,0,"(-Inf,10]",raw,3,Physiology,Heart rate,min^-1,mix.sex,SD,2,,0,29,23.29,4.07,7,0,,
1033.1,1033,2004,453,Fig. 3,Squamata,Colubridae,Pantherophis,obsoletus,Pantherophis_obsoletus,"Kingston, Ontario, Canada",Const,split_pseudo,1,"(-Inf,10]",raw,1,Morphology,SVL,mm,mix.sex,SE,1,,0.06,25,269.25,15.397,85,0,,
1033.1,1033,2004,453,Fig. 3,Squamata,Colubridae,Pantherophis,obsoletus,Pantherophis_obsoletus,"Kingston, Ontario, Canada",Const,split_pseudo,1,"(-Inf,10]",raw,1,Morphology,SVL,mm,mix.sex,SE,1,,0.12,30,274.38,15.12,85,0,,
1033.2,1033,2004,453,Fig. 3,Squamata,Colubridae,Pantherophis,obsoletus,Pantherophis_obsoletus,"Kingston, Ontario, Canada",Const,split_pseudo,1,"(-Inf,10]",raw,2,Morphology,TL,mm,mix.sex,SE,2,,0.06,25,52.08,4.333,85,0,,
1033.2,1033,2004,453,Fig. 3,Squamata,Colubridae,Pantherophis,obsoletus,Pantherophis_obsoletus,"Kingston, Ontario, Canada",Const,split_pseudo,1,"(-Inf,10]",raw,2,Morphology,TL,mm,mix.sex,SE,2,,0.12,30,52.69,3.78,85,0,,
1033.3,1033,2004,453,Fig. 3,Squamata,Colubridae,Pantherophis,obsoletus,Pantherophis_obsoletus,"Kingston, Ontario, Canada",Const,split_pseudo,1,"(-Inf,10]",raw,3,Morphology,Mass,g,mix.sex,SE,3,,0.06,25,9.31,1.291,85,0,,
1033.3,1033,2004,453,Fig. 3,Squamata,Colubridae,Pantherophis,obsoletus,Pantherophis_obsoletus,"Kingston, Ontario, Canada",Const,split_pseudo,1,"(-Inf,10]",raw,3,Morphology,Mass,g,mix.sex,SE,3,,0.12,30,9.39,1.383,85,0,,
1033.5,1033,2004,454,Fig. 4,Squamata,Colubridae,Pantherophis,obsoletus,Pantherophis_obsoletus,"Kingston, Ontario, Canada",Const,split_pseudo,1,"(-Inf,10]",raw,5,Performance,Righting time,Seconds,mix.sex,SE,4,,0.06,25,0.861,0.738,85,0,,
1033.5,1033,2004,454,Fig. 4,Squamata,Colubridae,Pantherophis,obsoletus,Pantherophis_obsoletus,"Kingston, Ontario, Canada",Const,split_pseudo,1,"(-Inf,10]",raw,5,Performance,Righting time,Seconds,mix.sex,SE,4,,0.12,30,0.76,0.922,85,0,,
1033.7,1033,2004,452,Text,Squamata,Colubridae,Pantherophis,obsoletus,Pantherophis_obsoletus,"Kingston, Ontario, Canada",Const,split_pseudo,0,"(-Inf,10]",raw,7,Survival,Hatching success,Prop survived,mix.sex,P,,,0.06,25,0.934,,91,0,,
1033.7,1033,2004,452,Text,Squamata,Colubridae,Pantherophis,obsoletus,Pantherophis_obsoletus,"Kingston, Ontario, Canada",Const,split_pseudo,0,"(-Inf,10]",raw,7,Survival,Hatching success,Prop survived,mix.sex,P,,,0.12,30,0.934,,91,0,,
1034.1,1034,2002,2780,Fig. 2,Squamata,Gekkonidae,Paroedura,picta,Paroedura_picta,"Fort Myers, FL, USA",Const,split_pseudo,0,"(-Inf,10]",raw,1,Morphology,Mass,g,mix.sex,SE,1,,0,23,0.5236,0.104,20,0,,
1034.1,1034,2002,2780,Fig. 2,Squamata,Gekkonidae,Paroedura,picta,Paroedura_picta,"Fort Myers, FL, USA",Const,split_pseudo,0,"(-Inf,10]",raw,1,Morphology,Mass,g,mix.sex,SE,1,,0,26,0.5988,0.081,23,0,,
1034.1,1034,2002,2780,Fig. 2,Squamata,Gekkonidae,Paroedura,picta,Paroedura_picta,"Fort Myers, FL, USA",Const,split_pseudo,0,"(-Inf,10]",raw,1,Morphology,Mass,g,mix.sex,SE,1,,0,30,0.6417,0.11,24,0,,
1034.2,1034,2002,2780,Fig. 2,Squamata,Gekkonidae,Paroedura,picta,Paroedura_picta,"Fort Myers, FL, USA",Const,split_pseudo,0,"(-Inf,10]",raw,2,Morphology,Length,mm,mix.sex,SE,2,,0,23,4.7732,0.41,20,0,,
1034.2,1034,2002,2780,Fig. 2,Squamata,Gekkonidae,Paroedura,picta,Paroedura_picta,"Fort Myers, FL, USA",Const,split_pseudo,0,"(-Inf,10]",raw,2,Morphology,Length,mm,mix.sex,SE,2,,0,26,4.8218,0.482,23,0,,
1034.2,1034,2002,2780,Fig. 2,Squamata,Gekkonidae,Paroedura,picta,Paroedura_picta,"Fort Myers, FL, USA",Const,split_pseudo,0,"(-Inf,10]",raw,2,Morphology,Length,mm,mix.sex,SE,2,,0,30,5.2524,0.388,24,0,,
1036.1,1036,1994,31,Table 2,Testudines,Chelydridae,Chelydra,serpentina,Chelydra_serpentina,"Cootes paradise hamilton harbour and Algonquin park, Ontario, Canada",Const,split_pseudo,0,"(-Inf,10]",raw,1,Morphology,Mass,g,mix.sex,SD,1,,0,21.1,7.82,1.11,223,0,,
1036.1,1036,1994,31,Table 2,Testudines,Chelydridae,Chelydra,serpentina,Chelydra_serpentina,"Cootes paradise hamilton harbour and Algonquin park, Ontario, Canada",Const,split_pseudo,0,"(-Inf,10]",raw,1,Morphology,Mass,g,mix.sex,SD,1,,0,25.3,7.87,1.39,305,0,,
1036.2,1036,1994,31,Table 2,Testudines,Chelydridae,Chelydra,serpentina,Chelydra_serpentina,"Cootes paradise hamilton harbour and Algonquin park, Ontario, Canada",Const,split_pseudo,0,"(-Inf,10]",raw,2,Development,Growth rate,g/g-1/day-1,mix.sex,SD,2,,0,21.1,1.5,0.53,10,0,,
1036.2,1036,1994,31,Table 2,Testudines,Chelydridae,Chelydra,serpentina,Chelydra_serpentina,"Cootes paradise hamilton harbour and Algonquin park, Ontario, Canada",Const,split_pseudo,0,"(-Inf,10]",raw,2,Development,Growth rate,g/g-1/day-1,mix.sex,SD,2,,0,25.3,2.44,0.68,133,0,,
1041.2,1041,2000,375,Table 2,Testudines,Chelidae,Chelodina,expansa,Chelodina_expansa,"UoQ St Lucia campus, Brisbane",Const,split_pseudo,0,"(-Inf,10]",raw,2,Morphology,Hatchling mass,g,mix.sex,SE,1,,1,24,7.99,1.521,20,0,,
1041.2,1041,2000,375,Table 2,Testudines,Chelidae,Chelodina,expansa,Chelodina_expansa,"UoQ St Lucia campus, Brisbane",Const,split_pseudo,0,"(-Inf,10]",raw,2,Morphology,Hatchling mass,g,mix.sex,SE,1,,1,28,7.9,0.939,20,0,,
1041.3,1041,2000,375,Table 2,Testudines,Chelidae,Chelodina,expansa,Chelodina_expansa,"UoQ St Lucia campus, Brisbane",Const,split_pseudo,0,"(-Inf,10]",raw,3,Physiology,Yolk free hatchling mass,g,mix.sex,SE,2,,1,24,7.63,0.45,9,0,,
1041.3,1041,2000,375,Table 2,Testudines,Chelidae,Chelodina,expansa,Chelodina_expansa,"UoQ St Lucia campus, Brisbane",Const,split_pseudo,0,"(-Inf,10]",raw,3,Physiology,Yolk free hatchling mass,g,mix.sex,SE,2,,1,28,7.17,0.791,10,0,,
1041.4,1041,2000,375,Table 2,Testudines,Chelidae,Chelodina,expansa,Chelodina_expansa,"UoQ St Lucia campus, Brisbane",Const,split_pseudo,0,"(-Inf,10]",raw,4,Physiology,Residual yolk mass,g,mix.sex,SE,3,,1,24,0.36,0.09,9,0,,
1041.4,1041,2000,375,Table 2,Testudines,Chelidae,Chelodina,expansa,Chelodina_expansa,"UoQ St Lucia campus, Brisbane",Const,split_pseudo,0,"(-Inf,10]",raw,4,Physiology,Residual yolk mass,g,mix.sex,SE,3,,1,28,0.73,0.19,10,0,,
1041.5,1041,2000,375,Table 2,Testudines,Chelidae,Chelodina,expansa,Chelodina_expansa,"UoQ St Lucia campus, Brisbane",Const,split_pseudo,1,"(-Inf,10]",raw,5,Morphology,Carapace length,mm,mix.sex,SE,4,,1,24,35.1,1.5,9,0,,
1041.5,1041,2000,375,Table 2,Testudines,Chelidae,Chelodina,expansa,Chelodina_expansa,"UoQ St Lucia campus, Brisbane",Const,split_pseudo,1,"(-Inf,10]",raw,5,Morphology,Carapace length,mm,mix.sex,SE,4,,1,28,34.5,1.897,10,0,,
1041.6,1041,2000,375,Table 2,Testudines,Chelidae,Chelodina,expansa,Chelodina_expansa,"UoQ St Lucia campus, Brisbane",Const,split_pseudo,1,"(-Inf,10]",raw,6,Morphology,Carapace width,mm,mix.sex,SE,5,,1,24,27.2,1.2,9,0,,
1041.6,1041,2000,375,Table 2,Testudines,Chelidae,Chelodina,expansa,Chelodina_expansa,"UoQ St Lucia campus, Brisbane",Const,split_pseudo,1,"(-Inf,10]",raw,6,Morphology,Carapace width,mm,mix.sex,SE,5,,1,28,27,2.214,10,0,,
1041.7,1041,2000,375,Table 2,Testudines,Chelidae,Chelodina,expansa,Chelodina_expansa,"UoQ St Lucia campus, Brisbane",Const,split_pseudo,1,"(-Inf,10]",raw,7,Morphology,Plastron Length,mm,mix.sex,SE,6,,1,24,25.2,0.9,9,0,,
1041.7,1041,2000,375,Table 2,Testudines,Chelidae,Chelodina,expansa,Chelodina_expansa,"UoQ St Lucia campus, Brisbane",Const,split_pseudo,1,"(-Inf,10]",raw,7,Morphology,Plastron Length,mm,mix.sex,SE,6,,1,28,24.8,1.265,10,0,,
1041.8,1041,2000,375,Table 2,Testudines,Chelidae,Chelodina,expansa,Chelodina_expansa,"UoQ St Lucia campus, Brisbane",Const,split_pseudo,1,"(-Inf,10]",raw,8,Morphology,Plastron width,mm,mix.sex,SE,7,,1,24,15,0.6,9,0,,
1041.8,1041,2000,375,Table 2,Testudines,Chelidae,Chelodina,expansa,Chelodina_expansa,"UoQ St Lucia campus, Brisbane",Const,split_pseudo,1,"(-Inf,10]",raw,8,Morphology,Plastron width,mm,mix.sex,SE,7,,1,28,15.4,0.949,10,0,,
1041.9,1041,2000,375,Table 2,Testudines,Chelidae,Chelodina,expansa,Chelodina_expansa,"UoQ St Lucia campus, Brisbane",Const,split_pseudo,1,"(-Inf,10]",raw,9,Morphology,Head width,mm,mix.sex,SE,8,,1,24,10.6,0.3,9,0,,
1041.9,1041,2000,375,Table 2,Testudines,Chelidae,Chelodina,expansa,Chelodina_expansa,"UoQ St Lucia campus, Brisbane",Const,split_pseudo,1,"(-Inf,10]",raw,9,Morphology,Head width,mm,mix.sex,SE,8,,1,28,10.3,0.316,10,0,,
1042.1,1042,2004,230,Table 2,Testudines,Cheloniidae,Emydura,macquarii,Emydura_macquarii,Unknown supplier,Const,split_pseudo,0,"(-Inf,10]",raw,10,Morphology,Hatchlin mass,g,mix.sex,SE,1,,0,24,4.4,0.837,70,0,,
1042.1,1042,2004,230,Table 2,Testudines,Cheloniidae,Emydura,macquarii,Emydura_macquarii,Unknown supplier,Const,split_pseudo,0,"(-Inf,10]",raw,10,Morphology,Hatchlin mass,g,mix.sex,SE,1,,0,27,4.3,0.86,74,0,,
1042.1,1042,2004,230,Table 2,Testudines,Cheloniidae,Emydura,macquarii,Emydura_macquarii,Unknown supplier,Const,split_pseudo,0,"(-Inf,10]",raw,10,Morphology,Hatchlin mass,g,mix.sex,SE,1,,0,30,4.1,0.877,77,0,,
1042.11,1042,2004,230,Table 2,Testudines,Cheloniidae,Emydura,macquarii,Emydura_macquarii,Unknown supplier,Const,split_pseudo,0,"(-Inf,10]",raw,11,Morphology,Carapace length,mm,mix.sex,SE,2,,0,24,27.7,2.51,70,0,,
1042.11,1042,2004,230,Table 2,Testudines,Cheloniidae,Emydura,macquarii,Emydura_macquarii,Unknown supplier,Const,split_pseudo,0,"(-Inf,10]",raw,11,Morphology,Carapace length,mm,mix.sex,SE,2,,0,27,28,2.581,74,0,,
1042.11,1042,2004,230,Table 2,Testudines,Cheloniidae,Emydura,macquarii,Emydura_macquarii,Unknown supplier,Const,split_pseudo,0,"(-Inf,10]",raw,11,Morphology,Carapace length,mm,mix.sex,SE,2,,0,30,27.6,2.632,77,0,,
1042.12,1042,2004,230,Table 2,Testudines,Cheloniidae,Emydura,macquarii,Emydura_macquarii,Unknown supplier,Const,split_pseudo,0,"(-Inf,10]",raw,12,Morphology,Carapace width,mm,mix.sex,SE,3,,0,24,27,2.51,70,0,,
1042.12,1042,2004,230,Table 2,Testudines,Cheloniidae,Emydura,macquarii,Emydura_macquarii,Unknown supplier,Const,split_pseudo,0,"(-Inf,10]",raw,12,Morphology,Carapace width,mm,mix.sex,SE,3,,0,27,27.1,1.72,74,0,,
1042.12,1042,2004,230,Table 2,Testudines,Cheloniidae,Emydura,macquarii,Emydura_macquarii,Unknown supplier,Const,split_pseudo,0,"(-Inf,10]",raw,12,Morphology,Carapace width,mm,mix.sex,SE,3,,0,30,26.5,1.755,77,0,,
1042.13,1042,2004,230,Table 2,Testudines,Cheloniidae,Emydura,macquarii,Emydura_macquarii,Unknown supplier,Const,split_pseudo,0,"(-Inf,10]",raw,13,Morphology,Plastron length,mm,mix.sex,SE,4,,0,24,22.9,1.673,70,0,,
1042.13,1042,2004,230,Table 2,Testudines,Cheloniidae,Emydura,macquarii,Emydura_macquarii,Unknown supplier,Const,split_pseudo,0,"(-Inf,10]",raw,13,Morphology,Plastron length,mm,mix.sex,SE,4,,0,27,23,1.72,74,0,,
1042.13,1042,2004,230,Table 2,Testudines,Cheloniidae,Emydura,macquarii,Emydura_macquarii,Unknown supplier,Const,split_pseudo,0,"(-Inf,10]",raw,13,Morphology,Plastron length,mm,mix.sex,SE,4,,0,30,22.8,1.755,77,0,,
1042.14,1042,2004,230,Table 2,Testudines,Cheloniidae,Emydura,macquarii,Emydura_macquarii,Unknown supplier,Const,split_pseudo,0,"(-Inf,10]",raw,14,Morphology,Plastron width,mm,mix.sex,SE,5,,0,24,13,0.837,70,0,,
1042.14,1042,2004,230,Table 2,Testudines,Cheloniidae,Emydura,macquarii,Emydura_macquarii,Unknown supplier,Const,split_pseudo,0,"(-Inf,10]",raw,14,Morphology,Plastron width,mm,mix.sex,SE,5,,0,27,13.1,0.86,74,0,,
1042.14,1042,2004,230,Table 2,Testudines,Cheloniidae,Emydura,macquarii,Emydura_macquarii,Unknown supplier,Const,split_pseudo,0,"(-Inf,10]",raw,14,Morphology,Plastron width,mm,mix.sex,SE,5,,0,30,12.8,0.877,77,0,,
1042.15,1042,2004,230,Table 2,Testudines,Cheloniidae,Emydura,macquarii,Emydura_macquarii,Unknown supplier,Const,split_pseudo,0,"(-Inf,10]",raw,15,Morphology,Head width,mm,mix.sex,SE,6,,0,24,9.2,0.837,70,0,,
1042.15,1042,2004,230,Table 2,Testudines,Cheloniidae,Emydura,macquarii,Emydura_macquarii,Unknown supplier,Const,split_pseudo,0,"(-Inf,10]",raw,15,Morphology,Head width,mm,mix.sex,SE,6,,0,27,9.2,0.86,74,0,,
1042.15,1042,2004,230,Table 2,Testudines,Cheloniidae,Emydura,macquarii,Emydura_macquarii,Unknown supplier,Const,split_pseudo,0,"(-Inf,10]",raw,15,Morphology,Head width,mm,mix.sex,SE,6,,0,30,9.2,0.877,77,0,,
1042.16,1042,2004,230,Table 2,Testudines,Cheloniidae,Emydura,macquarii,Emydura_macquarii,Unknown supplier,Const,split_pseudo,0,"(-Inf,10]",raw,16,Performance,Swim speed,cm/s,mix.sex,SE,7,,0,24,16.2,3.347,70,0,,
1042.16,1042,2004,230,Table 2,Testudines,Cheloniidae,Emydura,macquarii,Emydura_macquarii,Unknown supplier,Const,split_pseudo,0,"(-Inf,10]",raw,16,Performance,Swim speed,cm/s,mix.sex,SE,7,,0,27,20.7,4.301,74,0,,
1042.16,1042,2004,230,Table 2,Testudines,Cheloniidae,Emydura,macquarii,Emydura_macquarii,Unknown supplier,Const,split_pseudo,0,"(-Inf,10]",raw,16,Performance,Swim speed,cm/s,mix.sex,SE,7,,0,30,14.9,3.51,77,0,,
1042.17,1042,2004,230,Table 2,Testudines,Cheloniidae,Emydura,macquarii,Emydura_macquarii,Unknown supplier,Const,split_pseudo,365,"(180,365]",raw,17,Performance,Swim speed,cm/s,mix.sex,SE,8,,0,24,15.3,3.905,61,0,,
1042.17,1042,2004,230,Table 2,Testudines,Cheloniidae,Emydura,macquarii,Emydura_macquarii,Unknown supplier,Const,split_pseudo,365,"(180,365]",raw,17,Performance,Swim speed,cm/s,mix.sex,SE,8,,0,27,21.5,4.8,64,0,,
1042.17,1042,2004,230,Table 2,Testudines,Cheloniidae,Emydura,macquarii,Emydura_macquarii,Unknown supplier,Const,split_pseudo,365,"(180,365]",raw,17,Performance,Swim speed,cm/s,mix.sex,SE,8,,0,30,15.5,3.274,67,0,,
1042.18,1042,2004,230,Table 2,Testudines,Cheloniidae,Emydura,macquarii,Emydura_macquarii,Unknown supplier,Const,split_pseudo,365,"(180,365]",raw,18,Morphology,Yearling mass,g,mix.sex,SE,9,,0,24,31.3,10.153,61,0,,
1042.18,1042,2004,230,Table 2,Testudines,Cheloniidae,Emydura,macquarii,Emydura_macquarii,Unknown supplier,Const,split_pseudo,365,"(180,365]",raw,18,Morphology,Yearling mass,g,mix.sex,SE,9,,0,27,34.1,14.4,64,0,,
1042.18,1042,2004,230,Table 2,Testudines,Cheloniidae,Emydura,macquarii,Emydura_macquarii,Unknown supplier,Const,split_pseudo,365,"(180,365]",raw,18,Morphology,Yearling mass,g,mix.sex,SE,9,,0,30,49.5,22.919,67,0,,
1042.19,1042,2004,230,Table 2,Testudines,Cheloniidae,Emydura,macquarii,Emydura_macquarii,Unknown supplier,Const,split_pseudo,365,"(180,365]",raw,19,Survival,Survival,Prop survived,mix.sex,P,10,,0,24,0.87,,70,0,,
1042.19,1042,2004,230,Table 2,Testudines,Cheloniidae,Emydura,macquarii,Emydura_macquarii,Unknown supplier,Const,split_pseudo,365,"(180,365]",raw,19,Survival,Survival,Prop survived,mix.sex,P,10,,0,27,0.86,,74,0,,
1042.19,1042,2004,230,Table 2,Testudines,Cheloniidae,Emydura,macquarii,Emydura_macquarii,Unknown supplier,Const,split_pseudo,365,"(180,365]",raw,19,Survival,Survival,Prop survived,mix.sex,P,10,,0,30,0.87,,77,0,,
1042.2,1042,2004,229,Table 1,Testudines,Cheloniidae,Chelonia,mydas,Chelonia_mydas,Heron Island rookery,Const,split_pseudo,0,"(-Inf,10]",raw,20,Morphology,Mass,g,same.sex,SE,11,,0,26,26.3,1.536,59,0,,
1042.2,1042,2004,229,Table 1,Testudines,Cheloniidae,Chelonia,mydas,Chelonia_mydas,Heron Island rookery,Const,split_pseudo,0,"(-Inf,10]",raw,20,Morphology,Mass,g,same.sex,SE,11,,0,28,25.6,0.872,19,1,,
1042.2,1042,2004,229,Table 1,Testudines,Cheloniidae,Chelonia,mydas,Chelonia_mydas,Heron Island rookery,Const,split_pseudo,0,"(-Inf,10]",raw,20,Morphology,Mass,g,same.sex,SE,11,,0,28,25.6,1.131,32,1,,
1042.2,1042,2004,229,Table 1,Testudines,Cheloniidae,Chelonia,mydas,Chelonia_mydas,Heron Island rookery,Const,split_pseudo,0,"(-Inf,10]",raw,20,Morphology,Mass,g,same.sex,SE,11,,0,30,25.4,1.497,56,0,,
1042.3,1042,2004,229,Table 1,Testudines,Cheloniidae,Chelonia,mydas,Chelonia_mydas,Heron Island rookery,Const,split_pseudo,0,"(-Inf,10]",raw,21,Morphology,Carapace length,mm,same.sex,SE,12,,0,26,49.3,1.536,59,0,,
1042.3,1042,2004,229,Table 1,Testudines,Cheloniidae,Chelonia,mydas,Chelonia_mydas,Heron Island rookery,Const,split_pseudo,0,"(-Inf,10]",raw,21,Morphology,Carapace length,mm,same.sex,SE,12,,0,28,49,0.872,19,1,,
1042.3,1042,2004,229,Table 1,Testudines,Cheloniidae,Chelonia,mydas,Chelonia_mydas,Heron Island rookery,Const,split_pseudo,0,"(-Inf,10]",raw,21,Morphology,Carapace length,mm,same.sex,SE,12,,0,28,49.1,1.131,32,1,,
1042.3,1042,2004,229,Table 1,Testudines,Cheloniidae,Chelonia,mydas,Chelonia_mydas,Heron Island rookery,Const,split_pseudo,0,"(-Inf,10]",raw,21,Morphology,Carapace length,mm,same.sex,SE,12,,0,30,49.2,0.748,56,0,,
1042.4,1042,2004,229,Table 1,Testudines,Cheloniidae,Chelonia,mydas,Chelonia_mydas,Heron Island rookery,Const,split_pseudo,0,"(-Inf,10]",raw,22,Morphology,Carapace width,mm,same.sex,SE,13,,0,26,39.2,0.768,59,0,,
1042.4,1042,2004,229,Table 1,Testudines,Cheloniidae,Chelonia,mydas,Chelonia_mydas,Heron Island rookery,Const,split_pseudo,0,"(-Inf,10]",raw,22,Morphology,Carapace width,mm,same.sex,SE,13,,0,28,38,0.872,19,1,,
1042.4,1042,2004,229,Table 1,Testudines,Cheloniidae,Chelonia,mydas,Chelonia_mydas,Heron Island rookery,Const,split_pseudo,0,"(-Inf,10]",raw,22,Morphology,Carapace width,mm,same.sex,SE,13,,0,28,38.1,1.131,32,1,,
1042.4,1042,2004,229,Table 1,Testudines,Cheloniidae,Chelonia,mydas,Chelonia_mydas,Heron Island rookery,Const,split_pseudo,0,"(-Inf,10]",raw,22,Morphology,Carapace width,mm,same.sex,SE,13,,0,30,38,1.497,56,0,,
1042.5,1042,2004,229,Table 1,Testudines,Cheloniidae,Chelonia,mydas,Chelonia_mydas,Heron Island rookery,Const,split_pseudo,0,"(-Inf,10]",raw,23,Morphology,Front flipper area index,mm^2,same.sex,SE,14,,0,26,757,53.768,59,0,,
1042.5,1042,2004,229,Table 1,Testudines,Cheloniidae,Chelonia,mydas,Chelonia_mydas,Heron Island rookery,Const,split_pseudo,0,"(-Inf,10]",raw,23,Morphology,Front flipper area index,mm^2,same.sex,SE,14,,0,28,722,65.383,19,1,,
1042.5,1042,2004,229,Table 1,Testudines,Cheloniidae,Chelonia,mydas,Chelonia_mydas,Heron Island rookery,Const,split_pseudo,0,"(-Inf,10]",raw,23,Morphology,Front flipper area index,mm^2,same.sex,SE,14,,0,28,713,67.882,32,1,,
1042.5,1042,2004,229,Table 1,Testudines,Cheloniidae,Chelonia,mydas,Chelonia_mydas,Heron Island rookery,Const,split_pseudo,0,"(-Inf,10]",raw,23,Morphology,Front flipper area index,mm^2,same.sex,SE,14,,0,30,707,44.9,56,0,,
1042.6,1042,2004,229,Table 1,Testudines,Cheloniidae,Chelonia,mydas,Chelonia_mydas,Heron Island rookery,Const,split_pseudo,0,"(-Inf,10]",raw,24,Physiology,Yolk free carcass dry mass,g,diff.sex,SE,15,,0,26,7.28,0.791,10,0,,
1042.6,1042,2004,229,Table 1,Testudines,Cheloniidae,Chelonia,mydas,Chelonia_mydas,Heron Island rookery,Const,split_pseudo,0,"(-Inf,10]",raw,24,Physiology,Yolk free carcass dry mass,g,diff.sex,SE,15,,0,28,5.43,1.56,9,0,,
1042.6,1042,2004,229,Table 1,Testudines,Cheloniidae,Chelonia,mydas,Chelonia_mydas,Heron Island rookery,Const,split_pseudo,0,"(-Inf,10]",raw,24,Physiology,Yolk free carcass dry mass,g,diff.sex,SE,15,,0,30,5.1,2.16,16,0,,
1042.7,1042,2004,229,Table 1,Testudines,Cheloniidae,Chelonia,mydas,Chelonia_mydas,Heron Island rookery,Const,split_pseudo,0,"(-Inf,10]",raw,25,Physiology,Residual yolk dry mass,g,diff.sex,SE,16,,0,26,0.57,0.379,10,0,,
1042.7,1042,2004,229,Table 1,Testudines,Cheloniidae,Chelonia,mydas,Chelonia_mydas,Heron Island rookery,Const,split_pseudo,0,"(-Inf,10]",raw,25,Physiology,Residual yolk dry mass,g,diff.sex,SE,16,,0,28,1.48,0.24,9,0,,
1042.7,1042,2004,229,Table 1,Testudines,Cheloniidae,Chelonia,mydas,Chelonia_mydas,Heron Island rookery,Const,split_pseudo,0,"(-Inf,10]",raw,25,Physiology,Residual yolk dry mass,g,diff.sex,SE,16,,0,30,1.61,0.48,16,0,,
1042.8,1042,2004,229,Fig. 1,Testudines,Cheloniidae,Chelonia,mydas,Chelonia_mydas,Heron Island rookery,Const,split_pseudo,0,"(-Inf,10]",raw,26,Performance,Stroke speed at 6 hours,strokes/min,same.sex,SE,17,,0,26,69.611,17.521,59,0,,
1042.8,1042,2004,229,Fig. 1,Testudines,Cheloniidae,Chelonia,mydas,Chelonia_mydas,Heron Island rookery,Const,split_pseudo,0,"(-Inf,10]",raw,26,Performance,Stroke speed at 6 hours,strokes/min,same.sex,SE,17,,0,28,89.434,14.96,19,1,,
1042.8,1042,2004,229,Fig. 1,Testudines,Cheloniidae,Chelonia,mydas,Chelonia_mydas,Heron Island rookery,Const,split_pseudo,0,"(-Inf,10]",raw,26,Performance,Stroke speed at 6 hours,strokes/min,same.sex,SE,17,,0,28,97.6397,17.219,32,1,,
1042.8,1042,2004,229,Fig. 1,Testudines,Cheloniidae,Chelonia,mydas,Chelonia_mydas,Heron Island rookery,Const,split_pseudo,0,"(-Inf,10]",raw,26,Performance,Stroke speed at 6 hours,strokes/min,same.sex,SE,17,,0,30,94.0169,14.268,56,0,,
1111,1042,2004,229,Table 1,Testudines,Cheloniidae,Chelonia,mydas,Chelonia_mydas,Heron Island rookery,Const,split_pseudo,0,"(-Inf,10]",raw,20,Morphology,Mass,g,same.sex,SE,11,,0,26,26.3,1.536,59,0,,
1111,1042,2004,229,Table 1,Testudines,Cheloniidae,Chelonia,mydas,Chelonia_mydas,Heron Island rookery,Const,split_pseudo,0,"(-Inf,10]",raw,20,Morphology,Mass,g,same.sex,SE,11,,0,28,25.6,0.872,19,1,,
1111,1042,2004,229,Table 1,Testudines,Cheloniidae,Chelonia,mydas,Chelonia_mydas,Heron Island rookery,Const,split_pseudo,0,"(-Inf,10]",raw,20,Morphology,Mass,g,same.sex,SE,11,,0,28,25.6,1.131,32,1,,
1111,1042,2004,229,Table 1,Testudines,Cheloniidae,Chelonia,mydas,Chelonia_mydas,Heron Island rookery,Const,split_pseudo,0,"(-Inf,10]",raw,20,Morphology,Mass,g,same.sex,SE,11,,0,30,25.4,1.497,56,0,,
1111,1042,2004,229,Table 1,Testudines,Cheloniidae,Chelonia,mydas,Chelonia_mydas,Heron Island rookery,Const,split_pseudo,0,"(-Inf,10]",raw,21,Morphology,Carapace length,mm,same.sex,SE,12,,0,26,49.3,1.536,59,0,,
1111,1042,2004,229,Table 1,Testudines,Cheloniidae,Chelonia,mydas,Chelonia_mydas,Heron Island rookery,Const,split_pseudo,0,"(-Inf,10]",raw,21,Morphology,Carapace length,mm,same.sex,SE,12,,0,28,49,0.872,19,1,,
1111,1042,2004,229,Table 1,Testudines,Cheloniidae,Chelonia,mydas,Chelonia_mydas,Heron Island rookery,Const,split_pseudo,0,"(-Inf,10]",raw,21,Morphology,Carapace length,mm,same.sex,SE,12,,0,28,49.1,1.131,32,1,,
1111,1042,2004,229,Table 1,Testudines,Cheloniidae,Chelonia,mydas,Chelonia_mydas,Heron Island rookery,Const,split_pseudo,0,"(-Inf,10]",raw,21,Morphology,Carapace length,mm,same.sex,SE,12,,0,30,49.2,0.748,56,0,,
1111,1042,2004,229,Table 1,Testudines,Cheloniidae,Chelonia,mydas,Chelonia_mydas,Heron Island rookery,Const,split_pseudo,0,"(-Inf,10]",raw,22,Morphology,Carapace width,mm,same.sex,SE,13,,0,26,39.2,0.768,59,0,,
1111,1042,2004,229,Table 1,Testudines,Cheloniidae,Chelonia,mydas,Chelonia_mydas,Heron Island rookery,Const,split_pseudo,0,"(-Inf,10]",raw,22,Morphology,Carapace width,mm,same.sex,SE,13,,0,28,38,0.872,19,1,,
1111,1042,2004,229,Table 1,Testudines,Cheloniidae,Chelonia,mydas,Chelonia_mydas,Heron Island rookery,Const,split_pseudo,0,"(-Inf,10]",raw,22,Morphology,Carapace width,mm,same.sex,SE,13,,0,28,38.1,1.131,32,1,,
1111,1042,2004,229,Table 1,Testudines,Cheloniidae,Chelonia,mydas,Chelonia_mydas,Heron Island rookery,Const,split_pseudo,0,"(-Inf,10]",raw,22,Morphology,Carapace width,mm,same.sex,SE,13,,0,30,38,1.497,56,0,,
1111,1042,2004,229,Table 1,Testudines,Cheloniidae,Chelonia,mydas,Chelonia_mydas,Heron Island rookery,Const,split_pseudo,0,"(-Inf,10]",raw,23,Morphology,Front flipper area index,mm^2,same.sex,SE,14,,0,26,757,53.768,59,0,,
1111,1042,2004,229,Table 1,Testudines,Cheloniidae,Chelonia,mydas,Chelonia_mydas,Heron Island rookery,Const,split_pseudo,0,"(-Inf,10]",raw,23,Morphology,Front flipper area index,mm^2,same.sex,SE,14,,0,28,722,65.383,19,1,,
1111,1042,2004,229,Table 1,Testudines,Cheloniidae,Chelonia,mydas,Chelonia_mydas,Heron Island rookery,Const,split_pseudo,0,"(-Inf,10]",raw,23,Morphology,Front flipper area index,mm^2,same.sex,SE,14,,0,28,713,67.882,32,1,,
1111,1042,2004,229,Table 1,Testudines,Cheloniidae,Chelonia,mydas,Chelonia_mydas,Heron Island rookery,Const,split_pseudo,0,"(-Inf,10]",raw,23,Morphology,Front flipper area index,mm^2,same.sex,SE,14,,0,30,707,44.9,56,0,,
1111,1042,2004,229,Table 1,Testudines,Cheloniidae,Chelonia,mydas,Chelonia_mydas,Heron Island rookery,Const,split_pseudo,0,"(-Inf,10]",raw,24,Physiology,Yolk dry mass,g,diff.sex,SE,15,,0,26,7.28,0.791,10,0,,
1111,1042,2004,229,Table 1,Testudines,Cheloniidae,Chelonia,mydas,Chelonia_mydas,Heron Island rookery,Const,split_pseudo,0,"(-Inf,10]",raw,24,Physiology,Yolk dry mass,g,diff.sex,SE,15,,0,28,5.43,1.56,9,0,,
1111,1042,2004,229,Table 1,Testudines,Cheloniidae,Chelonia,mydas,Chelonia_mydas,Heron Island rookery,Const,split_pseudo,0,"(-Inf,10]",raw,24,Physiology,Yolk dry mass,g,diff.sex,SE,15,,0,30,5.1,2.16,16,0,,
1111,1042,2004,229,Table 1,Testudines,Cheloniidae,Chelonia,mydas,Chelonia_mydas,Heron Island rookery,Const,split_pseudo,0,"(-Inf,10]",raw,25,Physiology,Residual yolk dry mass,g,diff.sex,SE,16,,0,26,0.57,0.379,10,0,,
1111,1042,2004,229,Table 1,Testudines,Cheloniidae,Chelonia,mydas,Chelonia_mydas,Heron Island rookery,Const,split_pseudo,0,"(-Inf,10]",raw,25,Physiology,Residual yolk dry mass,g,diff.sex,SE,16,,0,28,1.48,0.24,9,0,,
1111,1042,2004,229,Table 1,Testudines,Cheloniidae,Chelonia,mydas,Chelonia_mydas,Heron Island rookery,Const,split_pseudo,0,"(-Inf,10]",raw,25,Physiology,Residual yolk dry mass,g,diff.sex,SE,16,,0,30,1.61,0.48,16,0,,
1111,1042,2004,229,Fig. 1,Testudines,Cheloniidae,Chelonia,mydas,Chelonia_mydas,Heron Island rookery,Const,split_pseudo,0,"(-Inf,10]",raw,26,Performance,Stroke speed at 6 hours,strokes/min,same.sex,SE,17,,0,26,69.611,17.521,59,0,,
1111,1042,2004,229,Fig. 1,Testudines,Cheloniidae,Chelonia,mydas,Chelonia_mydas,Heron Island rookery,Const,split_pseudo,0,"(-Inf,10]",raw,26,Performance,Stroke speed at 6 hours,strokes/min,same.sex,SE,17,,0,28,89.434,14.96,19,1,,
1111,1042,2004,229,Fig. 1,Testudines,Cheloniidae,Chelonia,mydas,Chelonia_mydas,Heron Island rookery,Const,split_pseudo,0,"(-Inf,10]",raw,26,Performance,Stroke speed at 6 hours,strokes/min,same.sex,SE,17,,0,28,97.6397,17.219,32,1,,
1111,1042,2004,229,Fig. 1,Testudines,Cheloniidae,Chelonia,mydas,Chelonia_mydas,Heron Island rookery,Const,split_pseudo,0,"(-Inf,10]",raw,26,Performance,Stroke speed at 6 hours,strokes/min,same.sex,SE,17,,0,30,94.0169,14.268,56,0,,
1116,1042,2004,229,Fig. 1,Testudines,Cheloniidae,Chelonia,mydas,Chelonia_mydas,Heron Island rookery,Const,split_pseudo,0,"(-Inf,10]",raw,26,Performance,Stroke speed at 6 hours,strokes/min,same.sex,SE,17,,0,26,69.611,17.521,59,0,,
1116,1042,2004,229,Fig. 1,Testudines,Cheloniidae,Chelonia,mydas,Chelonia_mydas,Heron Island rookery,Const,split_pseudo,0,"(-Inf,10]",raw,26,Performance,Stroke speed at 6 hours,strokes/min,same.sex,SE,17,,0,28,89.434,14.96,19,1,,
1116,1042,2004,229,Fig. 1,Testudines,Cheloniidae,Chelonia,mydas,Chelonia_mydas,Heron Island rookery,Const,split_pseudo,0,"(-Inf,10]",raw,26,Performance,Stroke speed at 6 hours,strokes/min,same.sex,SE,17,,0,28,97.6397,17.219,32,1,,
1116,1042,2004,229,Fig. 1,Testudines,Cheloniidae,Chelonia,mydas,Chelonia_mydas,Heron Island rookery,Const,split_pseudo,0,"(-Inf,10]",raw,26,Performance,Stroke speed at 6 hours,strokes/min,same.sex,SE,17,,0,30,94.0169,14.268,56,0,,
1118,1042,2004,229,Fig. 1,Testudines,Cheloniidae,Chelonia,mydas,Chelonia_mydas,Heron Island rookery,Const,split_pseudo,0,"(-Inf,10]",raw,26,Performance,Stroke speed at 6 hours,strokes/min,same.sex,SE,17,,,,,,,,,
1118,1042,2004,229,Fig. 1,Testudines,Cheloniidae,Chelonia,mydas,Chelonia_mydas,Heron Island rookery,Const,split_pseudo,0,"(-Inf,10]",raw,26,Performance,Stroke speed at 6 hours,strokes/min,same.sex,SE,17,,,,,,,,,
1118,1042,2004,229,Fig. 1,Testudines,Cheloniidae,Chelonia,mydas,Chelonia_mydas,Heron Island rookery,Const,split_pseudo,0,"(-Inf,10]",raw,26,Performance,Stroke speed at 6 hours,strokes/min,same.sex,SE,17,,,,,,,,,
1118,1042,2004,229,Fig. 1,Testudines,Cheloniidae,Chelonia,mydas,Chelonia_mydas,Heron Island rookery,Const,split_pseudo,0,"(-Inf,10]",raw,26,Performance,Stroke speed at 6 hours,strokes/min,same.sex,SE,17,,,,,,,,,
1666,1042,2004,229,Fig. 1,Testudines,Cheloniidae,Chelonia,mydas,Chelonia_mydas,Heron Island rookery,Const,split_pseudo,0,"(-Inf,10]",raw,26,Performance,Stroke speed at 6 hours,strokes/min,same.sex,SE,17,,,,,,,,,
1666,1042,2004,229,Fig. 1,Testudines,Cheloniidae,Chelonia,mydas,Chelonia_mydas,Heron Island rookery,Const,split_pseudo,0,"(-Inf,10]",raw,26,Performance,Stroke speed at 6 hours,strokes/min,same.sex,SE,17,,,,,,,,,
1666,1042,2004,229,Fig. 1,Testudines,Cheloniidae,Chelonia,mydas,Chelonia_mydas,Heron Island rookery,Const,split_pseudo,0,"(-Inf,10]",raw,26,Performance,Stroke speed at 6 hours,strokes/min,same.sex,SE,17,,,,,,,,,
1666,1042,2004,229,Fig. 1,Testudines,Cheloniidae,Chelonia,mydas,Chelonia_mydas,Heron Island rookery,Const,split_pseudo,0,"(-Inf,10]",raw,26,Performance,Stroke speed at 6 hours,strokes/min,same.sex,SE,17,,,,,,,,,
1888,1042,2004,229,Fig. 1,Testudines,Cheloniidae,Chelonia,mydas,Chelonia_mydas,Heron Island rookery,Const,split_pseudo,0,"(-Inf,10]",raw,26,Performance,Stroke speed at 6 hours,strokes/min,same.sex,SE,17,,,,,,,,,
1888,1042,2004,229,Fig. 1,Testudines,Cheloniidae,Chelonia,mydas,Chelonia_mydas,Heron Island rookery,Const,split_pseudo,0,"(-Inf,10]",raw,26,Performance,Stroke speed at 6 hours,strokes/min,same.sex,SE,17,,,,,,,,,
17777,1042,2004,229,Fig. 1,Testudines,Cheloniidae,Chelonia,mydas,Chelonia_mydas,Heron Island rookery,Const,split_pseudo,0,"(-Inf,10]",raw,26,Performance,Stroke speed at 6 hours,strokes/min,same.sex,SE,17,,,,,,,,,
